2015,2217,Ian,Mitte,Brunnenstr. Süd,52.53453732,13.40255693,Entire home/apt,60,4,118,4,141
2695,2986,Michael,Pankow,Prenzlauer Berg Nordwest,52.54851279,13.40455283,Private room,17,2,6,1,0
3176,3718,Britta,Pankow,Prenzlauer Berg Südwest,52.53499619,13.41757867,Entire home/apt,90,62,143,1,220
3309,4108,Jana,Tempelhof - Schöneberg,Schöneberg-Nord,52.49885493,13.34906453,Private room,26,5,25,1,297
7071,17391,Bright,Pankow,Helmholtzplatz,52.54315726,13.4150911,Private room,42,2,197,1,26
9991,33852,Philipp,Pankow,Prenzlauer Berg Südwest,52.53303077,13.41604682,Entire home/apt,180,6,6,1,137
